{
  "Share_Capital": {
    "kf_sc": [
      { "id": 1, "value": "1000.00" },
      { "id": 2, "value": "1000.00" },
      { "id": 3, "value": "1500.00" },
      { "id": 4, "value": "1500.00" },
      { "id": 5, "value": "1500.00" },
      { "id": 6, "value": "1500.00" }
    ]
  },
  "Net_Worth": {
    "kf_nw": [
      { "id": 1, "value": "1125.17" },
      { "id": 2, "value": "1236.9" },
      { "id": 3, "value": "1969.21" },
      { "id": 4, "value": "2273" },
      { "id": 5, "value": "2685.67" },
      { "id": 6, "value": "3219.77" }
    ]
  },
  "Net_Block": {
    "kf_nb": [
      { "id": 1, "value": "340" },
      { "id": 2, "value": "280" },
      { "id": 3, "value": "2515" },
      { "id": 4, "value": "2050" },
      { "id": 5, "value": "1585" },
      { "id": 6, "value": "1120" }
    ]
  },
  "Net_Sales": {
    "kf_ns": [
      { "id": 1, "value": "2878.50" },
      { "id": 2, "value": "3038.10" },
      { "id": 3, "value": "3605.25" },
      { "id": 4, "value": "4536.25" },
      { "id": 5, "value": "5381.75" },
      { "id": 6, "value": "6175.00" }
    ]
  },
  "Increase_in_Sales": {
    "kf_iis": [
      { "id": 1, "value": "6%" },
      { "id": 2, "value": "19%" },
      { "id": 3, "value": "26%" },
      { "id": 4, "value": "19%" },
      { "id": 5, "value": "15%" }
    ]
  },
  "Net_Profit": {
    "kf_np": [
      { "id": 1, "value": "100.17" },
      { "id": 2, "value": "111.73" },
      { "id": 3, "value": "232.31" },
      { "id": 4, "value": "303.80" },
      { "id": 5, "value": "412.67" },
      { "id": 6, "value": "534.19" }
    ]
  },
  "Depreciation": {
    "kf_dp": [
      { "id": 1, "value": "60" },
      { "id": 2, "value": "60" },
      { "id": 3, "value": "465" },
      { "id": 4, "value": "465" },
      { "id": 5, "value": "465" },
      { "id": 6, "value": "465" }
    ]
  },
  "Cash_Accruals": {
    "kf_ca": [
      { "id": 1, "value": "160.17" },
      { "id": 2, "value": "171.73" },
      { "id": 3, "value": "697.31" },
      { "id": 4, "value": "768.80" },
      { "id": 5, "value": "877.67" },
      { "id": 6, "value": "999.19" }
    ]
  },
  "Profitability_Ratio": {
    "kf_pr": [
      { "id": 1, "value": "3.48%" },
      { "id": 2, "value": "3.68%" },
      { "id": 3, "value": "6.44%" },
      { "id": 4, "value": "6.70%" },
      { "id": 5, "value": "7.67%" },
      { "id": 6, "value": "8.65%" }
    ]
  },
  "Current_Assets": {
    "kf_cas": [
      { "id": 1, "value": "1482.17" },
      { "id": 2, "value": "1675.00" },
      { "id": 3, "value": "2719.05" },
      { "id": 4, "value": "2984.00" },
      { "id": 5, "value": "3218.01" },
      { "id": 6, "value": "3464.77" }
    ]
  },
  "Return_On_Capital_Employed": {
    "kf_roc": [
      { "id": 1, "value": "8.90%" },
      { "id": 2, "value": "9.03%" },
      { "id": 3, "value": "11.80%" },
      { "id": 4, "value": "13.37%" },
      { "id": 5, "value": "15.37%" },
      { "id": 6, "value": "16.59%" }
    ]
  },
  "Current_Liabilities": {
    "kf_cl": [
      { "id": 1, "value": "531.50" },
      { "id": 2, "value": "547.45" },
      { "id": 3, "value": "1956.51" },
      { "id": 4, "value": "2114.34" },
      { "id": 5, "value": "2132.34" },
      { "id": 6, "value": "1375.00" }
    ]
  },
  "Current_Ratio": {
    "kf_cr": [
      { "id": 1, "value": "2.79" },
      { "id": 2, "value": "3.06" },
      { "id": 3, "value": "1.39" },
      { "id": 4, "value": "1.41" },
      { "id": 5, "value": "1.51" },
      { "id": 6, "value": "2.52" }
    ]
  },
  "Debt_Equity_Ratio": {
    "kf_nwDR": [
      { "id": 1, "value": "0.62" },
      { "id": 2, "value": "0.58" },
      { "id": 3, "value": "1.76" },
      { "id": 4, "value": "1.30" },
      { "id": 5, "value": "0.86" },
      { "id": 6, "value": "0.49" }
    ]
  },
  "Debt_Service_Coverage_Ratio": {
    "dfs_cr": [
      { "id": 1, "value": "1.03" },
      { "id": 2, "value": "1.11" },
      { "id": 3, "value": "1.23" },
      { "id": 4, "value": "6.92" }
    ]
  },
  "DSCR": { "kf_da": [{ "id": 1, "value": "1.45" }] },
  "Interest_Service_Coverage_Ratio": {
    "kf_iscr": [
      { "id": 1, "value": "3.28" },
      { "id": 2, "value": "3.55" },
      { "id": 3, "value": "4.74" },
      { "id": 4, "value": "6.92" }
    ]
  },
  "ISCR": { "kf_ia": [{ "id": 1, "value": "4.31" }] },
  "Debt_Collection_Period": {
    "kf_nwDC": [
      { "id": 1, "value": "83" },
      { "id": 2, "value": "92" },
      { "id": 3, "value": "86" },
      { "id": 4, "value": "64" },
      { "id": 5, "value": "65" },
      { "id": 6, "value": "61" }
    ]
  }
}
